id|name|status|sources|firstSeen|lastSeen|reason|evidenceUrl|reviewedAt
4631740|《黑街厨神》Mayhem À La Carte|pending|party-wishlist|2026-09-23|2026-09-23||https://store.steampowered.com/app/4631740/|
3644020|《星际清理公司》 (Cleaner Company)|pending|funny-online-wishlist|2026-09-23|2026-09-23||https://store.steampowered.com/app/3644020/|
2698870|《Midnight Murder Club》|pending|party-top-sellers|2026-09-23|2026-09-23||https://store.steampowered.com/app/2698870/|
4640320|17步|pending|party-top-sellers|2026-09-23|2026-09-23||https://store.steampowered.com/app/4640320/|
251570|7 Days to Die|pending|horror-online-new|2026-09-23|2026-09-23||https://store.steampowered.com/app/251570/|
4498480|帮我扶一下，兄弟|pending|funny-online-wishlist;party-wishlist|2026-09-23|2026-09-23||https://store.steampowered.com/app/4498480/|
4187140|别慌！还剩一个引擎哈|pending|party-top-sellers|2026-09-23|2026-09-23||https://store.steampowered.com/app/4187140/|
3634220|不要偷看|pending|party-top-sellers|2026-09-23|2026-09-23||https://store.steampowered.com/app/3634220/|
4986890|菜市场模拟器：美食满屋|pending|funny-multiplayer-new;funny-online-new|2026-09-23|2026-09-23||https://store.steampowered.com/app/4986890/|
3798230|唱舞星计划|pending|party-top-sellers|2026-09-23|2026-09-23||https://store.steampowered.com/app/3798230/|
4069520|超级高尔夫大乱斗|pending|party-top-sellers|2026-09-23|2026-09-23||https://store.steampowered.com/app/4069520/|
2683150|传说酒馆|pending|party-top-sellers|2026-09-23|2026-09-23||https://store.steampowered.com/app/2683150/|
368500|刺客信条：枭雄|pending|funny-multiplayer-new|2026-09-23|2026-09-23||https://store.steampowered.com/app/368500/|
4686110|刺杀主理人|pending|funny-online-wishlist;party-wishlist|2026-09-23|2026-09-23||https://store.steampowered.com/app/4686110/|
4614080|大佬要的急|pending|funny-online-wishlist|2026-09-23|2026-09-23||https://store.steampowered.com/app/4614080/|
3955960|叨叨巫师|pending|party-wishlist|2026-09-23|2026-09-23||https://store.steampowered.com/app/3955960/|
3675400|捣蛋蛙（Croak Squad）|pending|party-top-sellers|2026-09-23|2026-09-23||https://store.steampowered.com/app/3675400/|
4834490|德州扑克|pending|party-top-sellers|2026-09-23|2026-09-23||https://store.steampowered.com/app/4834490/|
5019920|动物厨房 Tasty Chef|pending|funny-online-wishlist|2026-09-23|2026-09-23||https://store.steampowered.com/app/5019920/|
4137570|分头行动:chibichibi|pending|party-top-sellers|2026-09-23|2026-09-23||https://store.steampowered.com/app/4137570/|
4715160|逢考弊过|pending|funny-online-wishlist;party-wishlist|2026-09-23|2026-09-23||https://store.steampowered.com/app/4715160/|
4252280|嘎嘎猎杀组|pending|funny-online-wishlist|2026-09-23|2026-09-23||https://store.steampowered.com/app/4252280/|
1151050|高尔夫大乱斗 / Golf Gang|pending|party-top-sellers|2026-09-23|2026-09-23||https://store.steampowered.com/app/1151050/|
1945260|果冻快递|pending|party-top-sellers|2026-09-23|2026-09-23||https://store.steampowered.com/app/1945260/|
2870790|浣熊模拟器|pending|funny-online-wishlist|2026-09-23|2026-09-23||https://store.steampowered.com/app/2870790/|
2887580|活性物质|pending|horror-online-new|2026-09-23|2026-09-23||https://store.steampowered.com/app/2887580/|
322330|饥荒联机版|pending|funny-multiplayer-new;funny-online-new;horror-online-new|2026-09-23|2026-09-23||https://store.steampowered.com/app/322330/|
3952820|机不择食|pending|funny-online-wishlist|2026-09-23|2026-09-23||https://store.steampowered.com/app/3952820/|
3151140|积木爆射英雄|pending|funny-online-wishlist|2026-09-23|2026-09-23||https://store.steampowered.com/app/3151140/|
3826670|基机受难记 (Flipping is Hard)|pending|funny-online-wishlist|2026-09-23|2026-09-23||https://store.steampowered.com/app/3826670/|
2622000|吉星派对|pending|party-top-sellers|2026-09-23|2026-09-23||https://store.steampowered.com/app/2622000/|
2483190|极限竞速：地平线 6|pending|funny-multiplayer-new;funny-online-new|2026-09-23|2026-09-23||https://store.steampowered.com/app/2483190/|
1732430|家有恶邻|pending|party-top-sellers|2026-09-23|2026-09-23||https://store.steampowered.com/app/1732430/|
5041530|捡起你的玩具来|pending|party-wishlist|2026-09-23|2026-09-23||https://store.steampowered.com/app/5041530/|
2661300|禁闭求生2 Grounded 2|pending|horror-online-new|2026-09-23|2026-09-23||https://store.steampowered.com/app/2661300/|
4193590|救援被拒 - Salvation Denied|pending|funny-online-wishlist|2026-09-23|2026-09-23||https://store.steampowered.com/app/4193590/|
3500460|鲲歌|pending|funny-online-wishlist|2026-09-23|2026-09-23||https://store.steampowered.com/app/3500460/|
3412160|拉斯维加斯模拟器|pending|party-top-sellers|2026-09-23|2026-09-23||https://store.steampowered.com/app/3412160/|
4084710|雷曼：传奇再叙|pending|party-top-sellers;party-wishlist|2026-09-23|2026-09-23||https://store.steampowered.com/app/4084710/|
381210|黎明杀机|pending|horror-online-new|2026-09-23|2026-09-23||https://store.steampowered.com/app/381210/|
2820700|礼帽大乱斗|pending|local-party-top;party-top-sellers|2026-09-23|2026-09-23||https://store.steampowered.com/app/2820700/|
3569420|链兽角斗|pending|funny-online-wishlist|2026-09-23|2026-09-23||https://store.steampowered.com/app/3569420/|
594650|猎杀：对决 1896|pending|horror-online-new|2026-09-23|2026-09-23||https://store.steampowered.com/app/594650/|
2947650|乱剪一通：总监模拟器|pending|local-party-top;party-top-sellers|2026-09-23|2026-09-23||https://store.steampowered.com/app/2947650/|
4755250|罗慕路斯|pending|funny-online-wishlist|2026-09-23|2026-09-23||https://store.steampowered.com/app/4755250/|
3065360|忙作一团|pending|local-party-top;party-top-sellers|2026-09-23|2026-09-23||https://store.steampowered.com/app/3065360/|
4954970|没有尸体，就没有问题！|pending|party-wishlist|2026-09-23|2026-09-23||https://store.steampowered.com/app/4954970/|
2572560|萌宠拆拆乐|pending|local-party-top;party-top-sellers|2026-09-23|2026-09-23||https://store.steampowered.com/app/2572560/|
4188260|喵！一起摸鱼吧~|pending|funny-online-wishlist|2026-09-23|2026-09-23||https://store.steampowered.com/app/4188260/|
3346460|摸鱼园丁|pending|funny-online-wishlist|2026-09-23|2026-09-23||https://store.steampowered.com/app/3346460/|
4660170|魔女杂货铺|pending|funny-online-wishlist|2026-09-23|2026-09-23||https://store.steampowered.com/app/4660170/|
4300540|魔王一行 (The Demon Party)|pending|party-wishlist|2026-09-23|2026-09-23||https://store.steampowered.com/app/4300540/|
3683770|奶茶店模拟器 - 重生之我在冰堡甜城当店长|pending|funny-multiplayer-new;funny-online-new|2026-09-23|2026-09-23||https://store.steampowered.com/app/3683770/|
4564150|碰瓷巨人团|pending|party-wishlist|2026-09-23|2026-09-23||https://store.steampowered.com/app/4564150/|
1951780|奇喵派对|pending|party-top-sellers|2026-09-23|2026-09-23||https://store.steampowered.com/app/1951780/|
3989960|青蛙小队🐸 / Frog Sqwad|pending|party-top-sellers|2026-09-23|2026-09-23||https://store.steampowered.com/app/3989960/|
4465980|清洁狂魔：塞满所有垃圾桶|pending|funny-online-wishlist|2026-09-23|2026-09-23||https://store.steampowered.com/app/4465980/|
2852700|求生巴士 BUS: Bro U Survived|pending|funny-online-wishlist|2026-09-23|2026-09-23||https://store.steampowered.com/app/2852700/|
1388550|人类一败涂地2|pending|funny-online-wishlist|2026-09-23|2026-09-23||https://store.steampowered.com/app/1388550/|
3855650|容器|pending|party-top-sellers|2026-09-23|2026-09-23||https://store.steampowered.com/app/3855650/|
4380740|肉店模拟器|pending|funny-online-wishlist|2026-09-23|2026-09-23||https://store.steampowered.com/app/4380740/|
4213320|如履平地|pending|funny-online-wishlist|2026-09-23|2026-09-23||https://store.steampowered.com/app/4213320/|
2313020|赛马娘 Pretty Derby 热血喧闹大感谢祭！|pending|party-top-sellers|2026-09-23|2026-09-23||https://store.steampowered.com/app/2313020/|
4071040|三国：百将牌|pending|party-top-sellers|2026-09-23|2026-09-23||https://store.steampowered.com/app/4071040/|
4285870|三只小猪|pending|funny-online-wishlist;party-wishlist|2026-09-23|2026-09-23||https://store.steampowered.com/app/4285870/|
4704000|鲨鱼超市|pending|funny-online-wishlist|2026-09-23|2026-09-23||https://store.steampowered.com/app/4704000/|
2871520|深馅地牢|pending|funny-online-wishlist|2026-09-23|2026-09-23||https://store.steampowered.com/app/2871520/|
2420800|生死宇共|pending|funny-online-wishlist|2026-09-23|2026-09-23||https://store.steampowered.com/app/2420800/|
2445690|失落城堡2|pending|funny-multiplayer-new;funny-online-new|2026-09-23|2026-09-23||https://store.steampowered.com/app/2445690/|
2001120|双影奇境|pending|funny-multiplayer-new;funny-online-new|2026-09-23|2026-09-23||https://store.steampowered.com/app/2001120/|
3013460|水果大乱逗|pending|local-party-top;party-top-sellers|2026-09-23|2026-09-23||https://store.steampowered.com/app/3013460/|
4190160|烫手炸弹|pending|party-top-sellers|2026-09-23|2026-09-23||https://store.steampowered.com/app/4190160/|
3296060|逃脱学院 2：再返校园|pending|funny-online-wishlist|2026-09-23|2026-09-23||https://store.steampowered.com/app/3296060/|
3400930|袜罪并罚！|pending|party-top-sellers|2026-09-23|2026-09-23||https://store.steampowered.com/app/3400930/|
4575390|汪汪大作战|pending|party-top-sellers|2026-09-23|2026-09-23||https://store.steampowered.com/app/4575390/|
4213930|汪洋大盗哥|pending|funny-online-wishlist|2026-09-23|2026-09-23||https://store.steampowered.com/app/4213930/|
4624510|我的天台|pending|funny-online-wishlist|2026-09-23|2026-09-23||https://store.steampowered.com/app/4624510/|
4174160|无限门行动|pending|funny-online-wishlist|2026-09-23|2026-09-23||https://store.steampowered.com/app/4174160/|
3307340|雾都邦邦军|pending|funny-online-wishlist|2026-09-23|2026-09-23||https://store.steampowered.com/app/3307340/|
3659090|吸吸弹弹大乱斗|pending|local-party-top;party-top-sellers|2026-09-23|2026-09-23||https://store.steampowered.com/app/3659090/|
1570330|西部对决 (West Hunt)|pending|party-top-sellers|2026-09-23|2026-09-23||https://store.steampowered.com/app/1570330/|
3384570|星绘友晴天|pending|party-wishlist|2026-09-23|2026-09-23||https://store.steampowered.com/app/3384570/|
4788240|夜班医院|pending|funny-online-wishlist|2026-09-23|2026-09-23||https://store.steampowered.com/app/4788240/|
617290|遗迹：灰烬重生|pending|horror-online-new|2026-09-23|2026-09-23||https://store.steampowered.com/app/617290/|
1282100|遗迹2|pending|horror-online-new|2026-09-23|2026-09-23||https://store.steampowered.com/app/1282100/|
4182190|义无反顾|pending|funny-online-wishlist|2026-09-23|2026-09-23||https://store.steampowered.com/app/4182190/|
3752960|异路先锋 (Off the Beaten Track)|pending|local-party-top;party-top-sellers|2026-09-23|2026-09-23||https://store.steampowered.com/app/3752960/|
3572800|友尽大冒险|pending|party-top-sellers|2026-09-23|2026-09-23||https://store.steampowered.com/app/3572800/|
4164310|这是谐音梗|pending|funny-multiplayer-new;funny-online-new;party-popular-new;party-top-sellers|2026-09-23|2026-09-23||https://store.steampowered.com/app/4164310/|
1071870|知只大冒险|pending|funny-multiplayer-new;funny-online-new|2026-09-23|2026-09-23||https://store.steampowered.com/app/1071870/|
4011300|咒言战|pending|party-top-sellers|2026-09-23|2026-09-23||https://store.steampowered.com/app/4011300/|
2923810|骤影：绯月杀|pending|party-wishlist|2026-09-23|2026-09-23||https://store.steampowered.com/app/2923810/|
3154150|抓鬼派对|pending|party-wishlist|2026-09-23|2026-09-23||https://store.steampowered.com/app/3154150/|
4186890|装备管理员|pending|funny-online-wishlist|2026-09-23|2026-09-23||https://store.steampowered.com/app/4186890/|
2850560|昨日头条|pending|local-party-top;party-top-sellers|2026-09-23|2026-09-23||https://store.steampowered.com/app/2850560/|
2597200|Across the Wonderlands|pending|funny-online-wishlist|2026-09-23|2026-09-23||https://store.steampowered.com/app/2597200/|
4267780|Acting Out|pending|funny-online-wishlist;party-wishlist|2026-09-23|2026-09-23||https://store.steampowered.com/app/4267780/|
2643540|Age Twisters|pending|funny-online-wishlist|2026-09-23|2026-09-23||https://store.steampowered.com/app/2643540/|
4285690|Airport Security Sucks!|pending|party-top-sellers|2026-09-23|2026-09-23||https://store.steampowered.com/app/4285690/|
945360|Among Us|pending|local-party-top;party-top-sellers|2026-09-23|2026-09-23||https://store.steampowered.com/app/945360/|
2657140|Animal Falling|pending|party-top-sellers|2026-09-23|2026-09-23||https://store.steampowered.com/app/2657140/|
4237080|Animic : Attack with your voice !|pending|party-top-sellers|2026-09-23|2026-09-23||https://store.steampowered.com/app/4237080/|
2786760|Another Door|pending|party-wishlist|2026-09-23|2026-09-23||https://store.steampowered.com/app/2786760/|
1172470|Apex Legends™|pending|funny-multiplayer-new|2026-09-23|2026-09-23||https://store.steampowered.com/app/1172470/|
3044610|Avalon Crew|pending|funny-online-wishlist|2026-09-23|2026-09-23||https://store.steampowered.com/app/3044610/|
1682690|Awkward 2: The Party Game of Savage Secrets|pending|party-wishlist|2026-09-23|2026-09-23||https://store.steampowered.com/app/1682690/|
4159680|Barfender|pending|funny-online-wishlist|2026-09-23|2026-09-23||https://store.steampowered.com/app/4159680/|
1460790|Bartender Simulator|pending|party-wishlist|2026-09-23|2026-09-23||https://store.steampowered.com/app/1460790/|
4639050|Battle Queen|pending|party-wishlist|2026-09-23|2026-09-23||https://store.steampowered.com/app/4639050/|
2562390|Benny's Backrooms|pending|funny-online-wishlist;party-wishlist|2026-09-23|2026-09-23||https://store.steampowered.com/app/2562390/|
3266790|Bit by Bit|pending|funny-online-wishlist;party-wishlist|2026-09-23|2026-09-23||https://store.steampowered.com/app/3266790/|
3774860|BOMMY|pending|funny-online-wishlist|2026-09-23|2026-09-23||https://store.steampowered.com/app/3774860/|
885160|BOTSU|pending|funny-online-wishlist;party-wishlist|2026-09-23|2026-09-23||https://store.steampowered.com/app/885160/|
4398500|Broke Wizards|pending|funny-online-wishlist|2026-09-23|2026-09-23||https://store.steampowered.com/app/4398500/|
4089520|Bronzebeard's Tavern 2|pending|funny-online-wishlist|2026-09-23|2026-09-23||https://store.steampowered.com/app/4089520/|
3557530|Bug Cleaners|pending|funny-online-wishlist|2026-09-23|2026-09-23||https://store.steampowered.com/app/3557530/|
2218460|Bunny Guys!|pending|party-top-sellers|2026-09-23|2026-09-23||https://store.steampowered.com/app/2218460/|
3670740|Burgle Supply Company|pending|party-top-sellers|2026-09-23|2026-09-23||https://store.steampowered.com/app/3670740/|
4438080|Call It a Day|pending|funny-online-wishlist|2026-09-23|2026-09-23||https://store.steampowered.com/app/4438080/|
4306070|Catch Meow If You Can|pending|funny-online-wishlist|2026-09-23|2026-09-23||https://store.steampowered.com/app/4306070/|
4502890|CheatCheat|pending|funny-online-wishlist|2026-09-23|2026-09-23||https://store.steampowered.com/app/4502890/|
4882500|Clay Clinic|pending|funny-online-wishlist|2026-09-23|2026-09-23||https://store.steampowered.com/app/4882500/|
3601810|Clear the Snow|pending|funny-online-wishlist|2026-09-23|2026-09-23||https://store.steampowered.com/app/3601810/|
3454860|Clerks and Quirks|pending|funny-online-wishlist;party-wishlist|2026-09-23|2026-09-23||https://store.steampowered.com/app/3454860/|
2744880|Climber Animals: Together|pending|funny-multiplayer-new;funny-online-new;party-popular-new;party-top-sellers|2026-09-23|2026-09-23||https://store.steampowered.com/app/2744880/|
3680200|Clowntown|pending|party-wishlist|2026-09-23|2026-09-23||https://store.steampowered.com/app/3680200/|
4272370|Coal Duty|pending|funny-online-wishlist|2026-09-23|2026-09-23||https://store.steampowered.com/app/4272370/|
4518240|Commie Bobrs|pending|party-wishlist|2026-09-23|2026-09-23||https://store.steampowered.com/app/4518240/|
1988900|Cooking Crew|pending|funny-online-wishlist|2026-09-23|2026-09-23||https://store.steampowered.com/app/1988900/|
3038500|Cooking Simulator 2: Prologue|pending|funny-online-wishlist|2026-09-23|2026-09-23||https://store.steampowered.com/app/3038500/|
4414560|CORDURA|pending|funny-online-wishlist|2026-09-23|2026-09-23||https://store.steampowered.com/app/4414560/|
2431740|Couch Planes|pending|party-wishlist|2026-09-23|2026-09-23||https://store.steampowered.com/app/2431740/|
4312190|CRACK|pending|funny-online-wishlist;party-wishlist|2026-09-23|2026-09-23||https://store.steampowered.com/app/4312190/|
3514000|Crazy Life|pending|party-wishlist|2026-09-23|2026-09-23||https://store.steampowered.com/app/3514000/|
2662310|Crewed|pending|funny-online-wishlist;party-wishlist|2026-09-23|2026-09-23||https://store.steampowered.com/app/2662310/|
268910|Cuphead|pending|funny-multiplayer-new|2026-09-23|2026-09-23||https://store.steampowered.com/app/268910/|
1422450|Deadlock|pending|funny-online-wishlist|2026-09-23|2026-09-23||https://store.steampowered.com/app/1422450/|
4534960|Dear Passengers|pending|funny-online-wishlist|2026-09-23|2026-09-23||https://store.steampowered.com/app/4534960/|
2958550|Deeper|pending|funny-online-wishlist|2026-09-23|2026-09-23||https://store.steampowered.com/app/2958550/|
2898770|Die Trying|pending|funny-online-wishlist|2026-09-23|2026-09-23||https://store.steampowered.com/app/2898770/|
4739040|DISCIPLINE SIMULATOR|pending|party-top-sellers|2026-09-23|2026-09-23||https://store.steampowered.com/app/4739040/|
4218620|Double Dealers|pending|funny-online-wishlist;party-wishlist|2026-09-23|2026-09-23||https://store.steampowered.com/app/4218620/|
4080010|Dravo's Twisted Show|pending|party-top-sellers|2026-09-23|2026-09-23||https://store.steampowered.com/app/4080010/|
1483870|Draw & Guess - 你画我猜|pending|funny-multiplayer-new;funny-online-new;party-popular-new;party-top-sellers|2026-09-23|2026-09-23||https://store.steampowered.com/app/1483870/|
4420980|Drunkslop: Pub crawl COOP|pending|party-wishlist|2026-09-23|2026-09-23||https://store.steampowered.com/app/4420980/|
5020310|Dub Together|pending|party-top-sellers|2026-09-23|2026-09-23||https://store.steampowered.com/app/5020310/|
2852140|Dumb Ways to Party|pending|funny-online-wishlist;party-wishlist|2026-09-23|2026-09-23||https://store.steampowered.com/app/2852140/|
3930480|Dungeon Tourists|pending|funny-online-wishlist|2026-09-23|2026-09-23||https://store.steampowered.com/app/3930480/|
3788110|DungeonBox|pending|funny-online-wishlist;party-wishlist|2026-09-23|2026-09-23||https://store.steampowered.com/app/3788110/|
239140|Dying Light|pending|horror-online-new|2026-09-23|2026-09-23||https://store.steampowered.com/app/239140/|
5113760|Echo Mates|pending|funny-online-wishlist|2026-09-23|2026-09-23||https://store.steampowered.com/app/5113760/|
3178920|Educational Family Games|pending|local-party-top;party-top-sellers|2026-09-23|2026-09-23||https://store.steampowered.com/app/3178920/|
3769800|Elevator|pending|funny-online-wishlist|2026-09-23|2026-09-23||https://store.steampowered.com/app/3769800/|
2999030|Exploding Kittens® 2|pending|local-party-top;party-top-sellers|2026-09-23|2026-09-23||https://store.steampowered.com/app/2999030/|
4990840|FAKE ME|pending|funny-online-wishlist;party-wishlist|2026-09-23|2026-09-23||https://store.steampowered.com/app/4990840/|
4197390|FENDERSHOT|pending|party-wishlist|2026-09-23|2026-09-23||https://store.steampowered.com/app/4197390/|
4908460|Flame and Blame|pending|funny-online-wishlist;party-wishlist|2026-09-23|2026-09-23||https://store.steampowered.com/app/4908460/|
1025560|Flea Madness|pending|funny-online-wishlist|2026-09-23|2026-09-23||https://store.steampowered.com/app/1025560/|
2853290|Free Stars: Children of Infinity|pending|funny-online-wishlist|2026-09-23|2026-09-23||https://store.steampowered.com/app/2853290/|
4004820|FreeStyle Football 2|pending|party-wishlist|2026-09-23|2026-09-23||https://store.steampowered.com/app/4004820/|
4000|Garry's Mod|pending|funny-multiplayer-new;funny-online-new|2026-09-23|2026-09-23||https://store.steampowered.com/app/4000/|
3833730|General Practice|pending|funny-online-wishlist;party-wishlist|2026-09-23|2026-09-23||https://store.steampowered.com/app/3833730/|
2761350|Golf Gambit|pending|party-top-sellers|2026-09-23|2026-09-23||https://store.steampowered.com/app/2761350/|
3209660|Golf With Your Friends 2|pending|party-wishlist|2026-09-23|2026-09-23||https://store.steampowered.com/app/3209660/|
1568590|Goose Goose Duck|pending|funny-multiplayer-new;funny-online-new|2026-09-23|2026-09-23||https://store.steampowered.com/app/1568590/|
3240220|Grand Theft Auto V 增强版|pending|funny-multiplayer-new|2026-09-23|2026-09-23||https://store.steampowered.com/app/3240220/|
4928450|Grand Theft Timeline|pending|funny-online-wishlist|2026-09-23|2026-09-23||https://store.steampowered.com/app/4928450/|
4272100|Grass|pending|party-wishlist|2026-09-23|2026-09-23||https://store.steampowered.com/app/4272100/|
4703930|Grilluminati|pending|funny-online-wishlist|2026-09-23|2026-09-23||https://store.steampowered.com/app/4703930/|
4244190|Guinea Pig Runaway Together|pending|party-top-sellers|2026-09-23|2026-09-23||https://store.steampowered.com/app/4244190/|
4019090|HAM: The Game|pending|party-top-sellers|2026-09-23|2026-09-23||https://store.steampowered.com/app/4019090/|
4430020|Hamsteria|pending|funny-online-wishlist|2026-09-23|2026-09-23||https://store.steampowered.com/app/4430020/|
4771290|Hands Up, G!|pending|funny-online-wishlist|2026-09-23|2026-09-23||https://store.steampowered.com/app/4771290/|
4189430|HapgetaSocial|pending|funny-online-wishlist;party-wishlist|2026-09-23|2026-09-23||https://store.steampowered.com/app/4189430/|
2363160|Haphazard Angel|pending|party-wishlist|2026-09-23|2026-09-23||https://store.steampowered.com/app/2363160/|
3453910|Happy's Humble Burger Cult|pending|funny-multiplayer-new;funny-online-new;horror-online-new|2026-09-23|2026-09-23||https://store.steampowered.com/app/3453910/|
4024440|Haunted Heist|pending|funny-online-wishlist;party-wishlist|2026-09-23|2026-09-23||https://store.steampowered.com/app/4024440/|
1761620|Headbangers: Rhythm Royale|pending|party-top-sellers|2026-09-23|2026-09-23||https://store.steampowered.com/app/1761620/|
3675690|HeadHunters|pending|party-top-sellers|2026-09-23|2026-09-23||https://store.steampowered.com/app/3675690/|
2802740|Heave Ho 2|pending|local-party-top;party-top-sellers|2026-09-23|2026-09-23||https://store.steampowered.com/app/2802740/|
3720040|Hide Zone|pending|funny-online-wishlist|2026-09-23|2026-09-23||https://store.steampowered.com/app/3720040/|
4282500|hololive Dreams|pending|party-top-sellers|2026-09-23|2026-09-23||https://store.steampowered.com/app/4282500/|
4989380|Hospital Hustle|pending|funny-online-wishlist|2026-09-23|2026-09-23||https://store.steampowered.com/app/4989380/|
2784920|Infinity Knights: Xross|pending|funny-online-wishlist|2026-09-23|2026-09-23||https://store.steampowered.com/app/2784920/|
2224760|Island Bender|pending|local-party-top;party-top-sellers|2026-09-23|2026-09-23||https://store.steampowered.com/app/2224760/|
5037200|just volleyball|pending|funny-online-wishlist;party-wishlist|2026-09-23|2026-09-23||https://store.steampowered.com/app/5037200/|
4440650|KAGE|pending|funny-online-wishlist|2026-09-23|2026-09-23||https://store.steampowered.com/app/4440650/|
3688110|Kaiju Cleaner Simulator|pending|funny-online-wishlist;party-wishlist|2026-09-23|2026-09-23||https://store.steampowered.com/app/3688110/|
4581890|Kayak with friends|pending|party-wishlist|2026-09-23|2026-09-23||https://store.steampowered.com/app/4581890/|
4374530|Keep It Up!|pending|funny-online-wishlist;party-wishlist|2026-09-23|2026-09-23||https://store.steampowered.com/app/4374530/|
1179210|Kill It With Fire|pending|party-top-sellers|2026-09-23|2026-09-23||https://store.steampowered.com/app/1179210/|
1165990|Kiln|pending|party-top-sellers|2026-09-23|2026-09-23||https://store.steampowered.com/app/1165990/|
1839880|King Of The Castle|pending|party-top-sellers|2026-09-23|2026-09-23||https://store.steampowered.com/app/1839880/|
3633340|Last Summer|pending|party-wishlist|2026-09-23|2026-09-23||https://store.steampowered.com/app/3633340/|
2399420|Le Mans Ultimate|pending|horror-online-new|2026-09-23|2026-09-23||https://store.steampowered.com/app/2399420/|
550|Left 4 Dead 2|pending|horror-online-new|2026-09-23|2026-09-23||https://store.steampowered.com/app/550/|
1969370|LEGO® Party!|pending|local-party-top;party-top-sellers|2026-09-23|2026-09-23||https://store.steampowered.com/app/1969370/|
2266750|LightSup!|pending|party-wishlist|2026-09-23|2026-09-23||https://store.steampowered.com/app/2266750/|
3335510|Limbot|pending|local-party-top;party-top-sellers|2026-09-23|2026-09-23||https://store.steampowered.com/app/3335510/|
4626170|LISIA|pending|party-wishlist|2026-09-23|2026-09-23||https://store.steampowered.com/app/4626170/|
2527940|Little Cheese Works|pending|funny-online-wishlist;party-wishlist|2026-09-23|2026-09-23||https://store.steampowered.com/app/2527940/|
4034350|Loss Prevention|pending|party-wishlist|2026-09-23|2026-09-23||https://store.steampowered.com/app/4034350/|
3474070|Magnavis|pending|funny-online-wishlist|2026-09-23|2026-09-23||https://store.steampowered.com/app/3474070/|
1037170|Maximum Thunderness|pending|funny-online-wishlist|2026-09-23|2026-09-23||https://store.steampowered.com/app/1037170/|
4588510|Mayday Vacay|pending|funny-online-wishlist|2026-09-23|2026-09-23||https://store.steampowered.com/app/4588510/|
4704690|MECCHA CHAMELEON|pending|funny-multiplayer-new;funny-online-new;party-popular-new;party-top-sellers|2026-09-23|2026-09-23||https://store.steampowered.com/app/4704690/|
4824220|Meltdown Crew|pending|funny-online-wishlist;party-wishlist|2026-09-23|2026-09-23||https://store.steampowered.com/app/4824220/|
3187960|METACRAFT: Arena|pending|party-wishlist|2026-09-23|2026-09-23||https://store.steampowered.com/app/3187960/|
5053820|Mimic Party|pending|party-top-sellers|2026-09-23|2026-09-23||https://store.steampowered.com/app/5053820/|
1672970|Minecraft Dungeons|pending|funny-multiplayer-new|2026-09-23|2026-09-23||https://store.steampowered.com/app/1672970/|
4003030|Mojo Party|pending|funny-online-wishlist;party-wishlist|2026-09-23|2026-09-23||https://store.steampowered.com/app/4003030/|
4425550|Monkey Bizniz|pending|funny-online-wishlist|2026-09-23|2026-09-23||https://store.steampowered.com/app/4425550/|
4789870|Muv-Luv 少女庭园|pending|funny-online-wishlist|2026-09-23|2026-09-23||https://store.steampowered.com/app/4789870/|
5085740|Needle In A Haystack|pending|funny-online-wishlist|2026-09-23|2026-09-23||https://store.steampowered.com/app/5085740/|
2929170|NEW MONOPOLY®|pending|local-party-top;party-top-sellers|2026-09-23|2026-09-23||https://store.steampowered.com/app/2929170/|
94400|Nidhogg|pending|local-party-top;party-top-sellers|2026-09-23|2026-09-23||https://store.steampowered.com/app/94400/|
4606080|No Panic|pending|funny-online-wishlist|2026-09-23|2026-09-23||https://store.steampowered.com/app/4606080/|
4555210|Oar'some Adventures|pending|party-wishlist|2026-09-23|2026-09-23||https://store.steampowered.com/app/4555210/|
4162290|OK Boomer|pending|party-top-sellers|2026-09-23|2026-09-23||https://store.steampowered.com/app/4162290/|
4076980|ONE GIANT HOLE|pending|funny-online-wishlist|2026-09-23|2026-09-23||https://store.steampowered.com/app/4076980/|
4209830|One Last Hand|pending|party-top-sellers|2026-09-23|2026-09-23||https://store.steampowered.com/app/4209830/|
4094350|Online: 404|pending|party-wishlist|2026-09-23|2026-09-23||https://store.steampowered.com/app/4094350/|
3150970|Party Madness|pending|party-top-sellers|2026-09-23|2026-09-23||https://store.steampowered.com/app/3150970/|
5086460|PeeVPee|pending|funny-online-wishlist;party-wishlist|2026-09-23|2026-09-23||https://store.steampowered.com/app/5086460/|
3688240|Pipes.exe|pending|funny-online-wishlist|2026-09-23|2026-09-23||https://store.steampowered.com/app/3688240/|
4336630|Pirate Chips|pending|party-wishlist|2026-09-23|2026-09-23||https://store.steampowered.com/app/4336630/|
4203890|Pirate Panic!|pending|funny-online-wishlist|2026-09-23|2026-09-23||https://store.steampowered.com/app/4203890/|
3764040|Plush Time|pending|funny-online-wishlist;party-wishlist|2026-09-23|2026-09-23||https://store.steampowered.com/app/3764040/|
3942580|Pool Blitz|pending|party-top-sellers|2026-09-23|2026-09-23||https://store.steampowered.com/app/3942580/|
4509300|Prinny Party: Going Overboard!|pending|party-wishlist|2026-09-23|2026-09-23||https://store.steampowered.com/app/4509300/|
4704920|Prison Pocket Patrol|pending|funny-online-wishlist|2026-09-23|2026-09-23||https://store.steampowered.com/app/4704920/|
3819370|Pull the Beer|pending|funny-online-wishlist|2026-09-23|2026-09-23||https://store.steampowered.com/app/3819370/|
4485570|Punch Upon a Time|pending|party-wishlist|2026-09-23|2026-09-23||https://store.steampowered.com/app/4485570/|
3956540|Radio Decay|pending|funny-online-wishlist|2026-09-23|2026-09-23||https://store.steampowered.com/app/3956540/|
4115520|Really Illegal Golf|pending|funny-online-wishlist|2026-09-23|2026-09-23||https://store.steampowered.com/app/4115520/|
4877420|Rec Room: A New Semester|pending|funny-online-wishlist|2026-09-23|2026-09-23||https://store.steampowered.com/app/4877420/|
1829140|Resistance 204X|pending|party-wishlist|2026-09-23|2026-09-23||https://store.steampowered.com/app/1829140/|
4382680|River Drift|pending|funny-online-wishlist|2026-09-23|2026-09-23||https://store.steampowered.com/app/4382680/|
4268470|Rosalie|pending|party-top-sellers|2026-09-23|2026-09-23||https://store.steampowered.com/app/4268470/|
4137270|RV|pending|funny-online-wishlist|2026-09-23|2026-09-23||https://store.steampowered.com/app/4137270/|
4096830|S.O.N.A.R. - 潜艇菜鸟团|pending|funny-online-wishlist|2026-09-23|2026-09-23||https://store.steampowered.com/app/4096830/|
5118500|Safari-TV|pending|funny-online-wishlist;party-wishlist|2026-09-23|2026-09-23||https://store.steampowered.com/app/5118500/|
4954910|Scam With Your Friends|pending|funny-online-wishlist;party-wishlist|2026-09-23|2026-09-23||https://store.steampowered.com/app/4954910/|
3617830|Scary Cargo|pending|funny-online-wishlist|2026-09-23|2026-09-23||https://store.steampowered.com/app/3617830/|
5064350|Schedule: Rehab Business|pending|funny-online-wishlist|2026-09-23|2026-09-23||https://store.steampowered.com/app/5064350/|
1172620|Sea of Thieves: 2026 Edition|pending|funny-multiplayer-new;funny-online-new|2026-09-23|2026-09-23||https://store.steampowered.com/app/1172620/|
2508550|Secret Forest|pending|funny-online-wishlist|2026-09-23|2026-09-23||https://store.steampowered.com/app/2508550/|
4566850|Sepak U - Sports Fighting Game|pending|party-wishlist|2026-09-23|2026-09-23||https://store.steampowered.com/app/4566850/|
4595980|Ship or Burn! Coop express|pending|funny-online-wishlist|2026-09-23|2026-09-23||https://store.steampowered.com/app/4595980/|
4280880|SHORE|pending|funny-online-wishlist|2026-09-23|2026-09-23||https://store.steampowered.com/app/4280880/|
3030560|Sloppy Forgeries|pending|party-wishlist|2026-09-23|2026-09-23||https://store.steampowered.com/app/3030560/|
2485410|Slowly Sliding Ducks|pending|party-wishlist|2026-09-23|2026-09-23||https://store.steampowered.com/app/2485410/|
4020490|Smack Talk|pending|party-top-sellers|2026-09-23|2026-09-23||https://store.steampowered.com/app/4020490/|
3404880|Someone's Inside Me|pending|funny-online-wishlist|2026-09-23|2026-09-23||https://store.steampowered.com/app/3404880/|
3882630|SOMNIUS|pending|party-top-sellers|2026-09-23|2026-09-23||https://store.steampowered.com/app/3882630/|
2626830|SOS OPS! 2|pending|funny-online-wishlist|2026-09-23|2026-09-23||https://store.steampowered.com/app/2626830/|
3545200|Space Dingus|pending|funny-online-wishlist|2026-09-23|2026-09-23||https://store.steampowered.com/app/3545200/|
672890|Sparkball|pending|funny-online-wishlist|2026-09-23|2026-09-23||https://store.steampowered.com/app/672890/|
4628160|Speak|pending|party-wishlist|2026-09-23|2026-09-23||https://store.steampowered.com/app/4628160/|
2747330|Species: Unknown|pending|horror-online-new|2026-09-23|2026-09-23||https://store.steampowered.com/app/2747330/|
4408560|Split Happens|pending|funny-online-wishlist;party-wishlist|2026-09-23|2026-09-23||https://store.steampowered.com/app/4408560/|
3588570|Spookitchen|pending|party-wishlist|2026-09-23|2026-09-23||https://store.steampowered.com/app/3588570/|
3808130|Squirmbox|pending|party-wishlist|2026-09-23|2026-09-23||https://store.steampowered.com/app/3808130/|
4702200|Stack Mates|pending|local-party-top;party-top-sellers|2026-09-23|2026-09-23||https://store.steampowered.com/app/4702200/|
4509370|Stink Buddies|pending|funny-online-wishlist|2026-09-23|2026-09-23||https://store.steampowered.com/app/4509370/|
4071650|Stream Train|pending|funny-online-wishlist|2026-09-23|2026-09-23||https://store.steampowered.com/app/4071650/|
2026450|Stunt Derby|pending|funny-online-wishlist|2026-09-23|2026-09-23||https://store.steampowered.com/app/2026450/|
1913740|SUPER BOMBERMAN R 2|pending|party-top-sellers|2026-09-23|2026-09-23||https://store.steampowered.com/app/1913740/|
440|Team Fortress 2|pending|funny-multiplayer-new;funny-online-new|2026-09-23|2026-09-23||https://store.steampowered.com/app/440/|
2280060|Tenebris: Terra Incognita|pending|party-top-sellers|2026-09-23|2026-09-23||https://store.steampowered.com/app/2280060/|
2507690|Thalassophobia|pending|party-wishlist|2026-09-23|2026-09-23||https://store.steampowered.com/app/2507690/|
2886060|The Backrooms Company|pending|funny-online-wishlist|2026-09-23|2026-09-23||https://store.steampowered.com/app/2886060/|
641990|The Escapists 2|pending|funny-multiplayer-new;funny-online-new|2026-09-23|2026-09-23||https://store.steampowered.com/app/641990/|
4503040|The Fancy Pants Adventures Online|pending|funny-online-wishlist;party-wishlist|2026-09-23|2026-09-23||https://store.steampowered.com/app/4503040/|
4199960|The Jackbox Party Pack 12|pending|party-wishlist|2026-09-23|2026-09-23||https://store.steampowered.com/app/4199960/|
434170|The Jackbox Party Pack 3|pending|local-party-top;party-top-sellers|2026-09-23|2026-09-23||https://store.steampowered.com/app/434170/|
610180|The Jackbox Party Pack 4|pending|local-party-top;party-top-sellers|2026-09-23|2026-09-23||https://store.steampowered.com/app/610180/|
774461|The Jackbox Party Pack 5|pending|local-party-top;party-top-sellers|2026-09-23|2026-09-23||https://store.steampowered.com/app/774461/|
1005300|The Jackbox Party Pack 6|pending|local-party-top;party-top-sellers|2026-09-23|2026-09-23||https://store.steampowered.com/app/1005300/|
1211630|The Jackbox Party Pack 7|pending|local-party-top;party-top-sellers|2026-09-23|2026-09-23||https://store.steampowered.com/app/1211630/|
4096780|The Missing Tail|pending|funny-online-wishlist|2026-09-23|2026-09-23||https://store.steampowered.com/app/4096780/|
4123800|The Road|pending|funny-online-wishlist|2026-09-23|2026-09-23||https://store.steampowered.com/app/4123800/|
3994840|The Whisker Watch|pending|funny-online-wishlist|2026-09-23|2026-09-23||https://store.steampowered.com/app/3994840/|
3669740|The You Quiz|pending|local-party-top;party-top-sellers|2026-09-23|2026-09-23||https://store.steampowered.com/app/3669740/|
4950470|Tidy Up Together|pending|party-top-sellers|2026-09-23|2026-09-23||https://store.steampowered.com/app/4950470/|
4561930|Timber Truck: Chaos Coop|pending|party-wishlist|2026-09-23|2026-09-23||https://store.steampowered.com/app/4561930/|
4339680|Totally Safe Moon Project|pending|funny-online-wishlist;party-wishlist|2026-09-23|2026-09-23||https://store.steampowered.com/app/4339680/|
4916200|Totally Safe Railway Co. 🚂|pending|funny-online-wishlist|2026-09-23|2026-09-23||https://store.steampowered.com/app/4916200/|
4348760|Totally Secure Airport|pending|funny-online-wishlist|2026-09-23|2026-09-23||https://store.steampowered.com/app/4348760/|
3897280|Totopia|pending|funny-online-wishlist;party-wishlist|2026-09-23|2026-09-23||https://store.steampowered.com/app/3897280/|
1589700|Trash|pending|funny-online-wishlist|2026-09-23|2026-09-23||https://store.steampowered.com/app/1589700/|
3314580|Trash Day|pending|funny-online-wishlist|2026-09-23|2026-09-23||https://store.steampowered.com/app/3314580/|
3905070|Treasure Cove|pending|party-wishlist|2026-09-23|2026-09-23||https://store.steampowered.com/app/3905070/|
4286040|Unicycle Together|pending|party-top-sellers|2026-09-23|2026-09-23||https://store.steampowered.com/app/4286040/|
470220|UNO|pending|local-party-top;party-top-sellers|2026-09-23|2026-09-23||https://store.steampowered.com/app/470220/|
1243960|Unspottable|pending|local-party-top;party-top-sellers|2026-09-23|2026-09-23||https://store.steampowered.com/app/1243960/|
837470|Untitled Goose Game|pending|funny-multiplayer-new|2026-09-23|2026-09-23||https://store.steampowered.com/app/837470/|
748810|Vikings On Trampolines|pending|party-wishlist|2026-09-23|2026-09-23||https://store.steampowered.com/app/748810/|
3488690|Vision Quench / 幻饮迷境|pending|funny-online-wishlist|2026-09-23|2026-09-23||https://store.steampowered.com/app/3488690/|
438100|VRChat|pending|funny-multiplayer-new|2026-09-23|2026-09-23||https://store.steampowered.com/app/438100/|
1910150|Walk of Life|pending|party-top-sellers|2026-09-23|2026-09-23||https://store.steampowered.com/app/1910150/|
447040|Watch_Dogs® 2|pending|funny-multiplayer-new|2026-09-23|2026-09-23||https://store.steampowered.com/app/447040/|
4258290|We Are So Cooked|pending|funny-online-wishlist;party-wishlist|2026-09-23|2026-09-23||https://store.steampowered.com/app/4258290/|
1368180|Wildekin|pending|funny-online-wishlist|2026-09-23|2026-09-23||https://store.steampowered.com/app/1368180/|
4132210|Zombie Hamsters|pending|funny-online-wishlist;party-wishlist|2026-09-23|2026-09-23||https://store.steampowered.com/app/4132210/|
4420660|ZONE L.O.S.T.|pending|party-wishlist|2026-09-23|2026-09-23||https://store.steampowered.com/app/4420660/|
386940|超级鸡马|included|local-party-top;party-top-sellers|2026-09-23|2026-09-23|已进入正式清单|https://store.steampowered.com/app/386940/|2026-09-22
673750|超级兔子人|included|local-party-top;party-top-sellers|2026-09-23|2026-09-23|已进入正式清单|https://store.steampowered.com/app/673750/|2026-09-22
1004490|胡闹装修|included|local-party-top;party-top-sellers|2026-09-23|2026-09-23|已进入正式清单|https://store.steampowered.com/app/1004490/|2026-09-22
4108000|机械狂欢|included|funny-multiplayer-new;funny-online-new;horror-online-new;party-popular-new;party-top-sellers|2026-09-23|2026-09-23|已进入正式清单|https://store.steampowered.com/app/4108000/|2026-09-22
1260320|猛兽派对|included|funny-multiplayer-new;funny-online-new;local-party-top;party-popular-new;party-top-sellers|2026-09-23|2026-09-23|已进入正式清单|https://store.steampowered.com/app/1260320/|2026-09-22
3470550|破烂艺术家|included|party-top-sellers|2026-09-23|2026-09-23|已进入正式清单|https://store.steampowered.com/app/3470550/|2026-09-22
477160|人类一败涂地 / Human Fall Flat|included|funny-multiplayer-new|2026-09-23|2026-09-23|已进入正式清单|https://store.steampowered.com/app/477160/|2026-09-22
3949040|我们到了吗？|included|funny-multiplayer-new;funny-online-new|2026-09-23|2026-09-23|已进入正式清单|https://store.steampowered.com/app/3949040/|2026-09-22
3722330|午夜轮班|included|horror-online-new|2026-09-23|2026-09-23|已进入正式清单|https://store.steampowered.com/app/3722330/|2026-09-22
1206610|橡胶强盗: Rubber Bandits|included|local-party-top;party-top-sellers|2026-09-23|2026-09-23|已进入正式清单|https://store.steampowered.com/app/1206610/|2026-09-22
1478500|Big Walk|included|funny-multiplayer-new|2026-09-23|2026-09-23|已进入正式清单|https://bigwalk.game/faq/|2026-09-23
4656000|BOMBANANA!|included|funny-multiplayer-new;funny-online-new;party-popular-new;party-top-sellers|2026-09-23|2026-09-23|已进入正式清单|https://store.steampowered.com/app/4656000/|2026-09-22
965680|Boomerang Fu|included|local-party-top;party-top-sellers|2026-09-23|2026-09-23|已进入正式清单|https://store.steampowered.com/app/965680/|2026-09-22
1274570|DEVOUR|included|horror-online-new|2026-09-23|2026-09-23|已进入正式清单|https://store.steampowered.com/app/1274570/|2026-09-22
1943950|Escape the Backrooms|included|horror-online-new|2026-09-23|2026-09-23|已进入正式清单|https://store.steampowered.com/app/1943950/|2026-09-22
285900|Gang Beasts|included|local-party-top;party-top-sellers|2026-09-23|2026-09-23|已进入正式清单|https://store.steampowered.com/app/285900/|2026-09-22
341800|Keep Talking and Nobody Explodes|included|local-party-top;party-top-sellers|2026-09-23|2026-09-23|已进入正式清单|https://store.steampowered.com/app/341800/|2026-09-22
3097560|Liar's Bar|included|funny-multiplayer-new;funny-online-new;horror-online-new|2026-09-23|2026-09-23|已进入正式清单|https://store.steampowered.com/app/3097560/|2026-09-22
4948000|Moo Who?|included|party-top-sellers|2026-09-23|2026-09-23|已进入正式清单|https://store.steampowered.com/app/4948000/|2026-09-22
728880|Overcooked! 2|included|funny-multiplayer-new;funny-online-new|2026-09-23|2026-09-23|已进入正式清单|https://store.steampowered.com/app/728880/|2026-09-22
3527290|PEAK|included|horror-online-new|2026-09-23|2026-09-23|已进入正式清单|https://store.steampowered.com/app/3527290/|2026-09-22
739630|Phasmophobia 恐鬼症|included|horror-online-new|2026-09-23|2026-09-23|已进入正式清单|https://store.steampowered.com/app/739630/|2026-09-22
1509960|PICO PARK|included|local-party-top;party-top-sellers|2026-09-23|2026-09-23|已进入正式清单|https://store.steampowered.com/app/1509960/|2026-09-22
880940|Pummel Party|included|funny-multiplayer-new;funny-online-new;local-party-top;party-popular-new;party-top-sellers|2026-09-23|2026-09-23|已进入正式清单|https://store.steampowered.com/app/880940/|2026-09-22
4190710|Shady job|included|party-top-sellers|2026-09-23|2026-09-23|已进入正式清单|https://store.steampowered.com/app/4190710/|2026-09-22
3900650|Spider Roulette|included|party-top-sellers|2026-09-23|2026-09-23|已进入正式清单|https://store.steampowered.com/app/3900650/|2026-09-22
437920|Tricky Towers|included|local-party-top;party-top-sellers|2026-09-23|2026-09-23|已进入正式清单|https://store.steampowered.com/app/437920/|2026-09-22
