id|category|players|mode|fit|source|reason|evidenceUrl|verifiedAt
4656000|欢乐合作|恰好 3 人|在线|3|热门游戏|三只猴子各掌握一部分信息，必须靠混乱沟通拆弹。|https://store.steampowered.com/app/4656000/|2026-09-22
4948000|语音整活|2–8 人|在线|3|热门游戏|模仿动物叫声混进 NPC，三人开麦就有节目效果。|https://store.steampowered.com/app/4948000/|2026-09-22
3722330|恐怖整活|1–3 人|在线|3|热门游戏|三人正好满队，轮流识破午夜顾客并守住店面。|https://store.steampowered.com/app/3722330/|2026-09-22
3527290|竞速闯关|1–4 人|在线|3|热门游戏|登山失误会连累队友，互救与坠崖都很好笑。|https://store.steampowered.com/app/3527290/|2026-09-22
1478500|语音整活|2–12 人|在线／跨平台|3|热门游戏|靠近距离语音、手势和各种工具合作探索，三人还能使用专门适配的世界版本。|https://bigwalk.game/faq/|2026-09-23
3949040|欢乐合作|1–4 人|在线|3|热门游戏|一起开房车，分工驾驶、拉车和救援容易出意外。|https://store.steampowered.com/app/3949040/|2026-09-22
4108000|互坑乱斗|2–4 人|在线／同屏|3|热门游戏|短局小游戏轮流互坑，适合三人连续玩。|https://store.steampowered.com/app/4108000/|2026-09-22
3900650|社交推理|2–4 人|在线|3|热门游戏|翻杯躲蜘蛛的猜心局，三人也能互相算计。|https://store.steampowered.com/app/3900650/|2026-09-22
3470550|语音整活|2–8 人|在线|3|热门游戏|用破烂拼作品再让朋友猜，创意越歪越好笑。|https://store.steampowered.com/app/3470550/|2026-09-22
4181370|语音整活|最多 4 人|在线|3|热门游戏|用声音控制鸭群，三个人同时喊很容易翻车。|https://store.steampowered.com/app/4181370/|2026-09-22
2644470|欢乐合作|2–8 人|在线／同屏|3|热门游戏|简单操作考验配合，少一个人同步就过不了关。|https://store.steampowered.com/app/2644470/|2026-09-22
386940|互坑乱斗|2–4 人|在线／同屏|3|热门游戏|边造关卡边放陷阱，互坑会一局比一局升级。|https://store.steampowered.com/app/386940/|2026-09-22
3241660|恐怖整活|1–6 人|在线|3|热门游戏|搬运战利品时的物理碰撞与惊吓很适合三人语音。|https://store.steampowered.com/app/3241660/|2026-09-22
3097560|社交推理|2–4 人|在线|3|热门游戏|靠诈唬、试探和嘴硬取胜，熟人局尤其热闹。|https://store.steampowered.com/app/3097560/|2026-09-22
2796010|欢乐合作|1–4 人|在线／同屏|3|热门游戏|开动物餐吧、赶闹事顾客，分工常常变成混战。|https://store.steampowered.com/app/2796010/|2026-09-22
673750|竞速闯关|2–4 人|在线／同屏|3|热门游戏|兔子靠翻滚和踢腿前进，三人合作自带事故。|https://store.steampowered.com/app/673750/|2026-09-22
3834090|语音整活|1–6 人|在线|3|热门游戏|念咒施法还要躲怪，慌张时喊错最有节目效果。|https://store.steampowered.com/app/3834090/|2026-09-22
2963880|恐怖整活|1–8 人|在线|3|热门游戏|三人驾驶潜艇清理海底，恐怖场面和分工一起上。|https://store.steampowered.com/app/2963880/|2026-09-22
4190710|欢乐合作|3 人以上|在线|3|热门游戏|抬着麻烦货物盖楼，队友一失手就前功尽弃。|https://store.steampowered.com/app/4190710/|2026-09-22
3864450|欢乐合作|1–4 人|在线|2|热门游戏|挖矿铺轨并在黑暗中求生，三人各自有事可做。|https://store.steampowered.com/app/3864450/|2026-09-22
2827200|恐怖整活|最多 4 人|在线|2|热门游戏|模仿队友的怪物制造猜疑；官方更推荐四人。|https://store.steampowered.com/app/2827200/|2026-09-22
880940|互坑乱斗|1–8 人|在线／同屏|2|经典补充|棋盘加小游戏，可用机器人补齐三人局。|https://store.steampowered.com/app/880940/|2026-09-22
1260320|互坑乱斗|多人|在线／同屏|2|热门游戏|软体物理打架很欢乐，三人可组队或混入公开房间。|https://store.steampowered.com/app/1260320/|2026-09-22
674940|互坑乱斗|2–4 人|在线／同屏|3|经典补充|火柴人快速乱斗，等人时开几局也有趣。|https://store.steampowered.com/app/674940/|2026-09-22
285900|互坑乱斗|2–8 人|在线／同屏|3|经典补充|软体摔跤的失误和偷袭特别适合朋友互坑。|https://store.steampowered.com/app/285900/|2026-09-22
1206610|互坑乱斗|2–4 人|在线／同屏|3|经典补充|抢东西再互殴，规则简单且节奏很快。|https://store.steampowered.com/app/1206610/|2026-09-22
1329500|互坑乱斗|2–4 人|在线／同屏|3|经典补充|蜘蛛挥激光剑，荡绳操作让战斗充满意外。|https://store.steampowered.com/app/1329500/|2026-09-22
1445790|竞速闯关|2–6 人|在线／同屏|3|补充|自己搭赛道再开车，陷阱最终常坑到自己。|https://store.steampowered.com/app/1445790/|2026-09-22
207140|竞速闯关|2–4 人|在线／同屏|3|经典补充|钩爪和道具互相拉扯，三人比赛很有压迫感。|https://store.steampowered.com/app/207140/|2026-09-22
965680|互坑乱斗|2–6 人|同屏|3|经典补充|回旋镖一击淘汰，上手快且每局都很短。|https://store.steampowered.com/app/965680/|2026-09-22
431240|竞速闯关|2–12 人|在线|2|经典补充|道具和碰撞让迷你高尔夫变成友尽比赛。|https://store.steampowered.com/app/431240/|2026-09-22
905340|欢乐合作|2–4 人|同屏／远程同乐|3|经典补充|靠抓握和荡绳过关，三人能互拉也能互拖后腿。|https://store.steampowered.com/app/905340/|2026-09-22
728880|欢乐合作|2–4 人|在线／同屏|3|经典补充|厨房分工一乱就会烧锅，三人节奏正合适。|https://store.steampowered.com/app/728880/|2026-09-22
1599600|欢乐合作|1–4 人|在线／同屏|3|经典补充|一起开餐厅，忙乱沟通和自动化规划都很耐玩。|https://store.steampowered.com/app/1599600/|2026-09-22
341800|语音整活|2 人以上|同屏／语音|3|经典补充|一人看炸弹、两人查手册，三人沟通非常合适。|https://store.steampowered.com/app/341800/|2026-09-22
2881650|恐怖整活|1–4 人|在线|3|热门游戏|拍下朋友遇险瞬间，越怕越容易拍出搞笑素材。|https://store.steampowered.com/app/2881650/|2026-09-22
2920570|社交推理|3 人以上|在线|1|补充|办公室里识别摸鱼者；三人能开但人多更热闹。|https://store.steampowered.com/app/2920570/|2026-09-22
1016920|欢乐合作|2–4 人|在线／同屏|3|经典补充|边跑边铺轨，三人分工明确却总会手忙脚乱。|https://store.steampowered.com/app/1016920/|2026-09-22
2567870|竞速闯关|1–4 人|在线／同屏|3|热门游戏|三人被铁链拴在一起，一人失足全队重来。|https://store.steampowered.com/app/2567870/|2026-09-22
4200440|恐怖整活|1–4 人|在线|2|补充|开车闯末日并分工升级，适合想换口味的三人组。|https://store.steampowered.com/app/4200440/|2026-09-22
477160|欢乐合作|1–8 人|在线／同屏|3|经典补充|物理动作笨拙，探索与合作都有天然笑点。|https://store.steampowered.com/app/477160/|2026-09-22
1641700|欢乐合作|1–4 人|在线／同屏|3|经典补充|搬家任务需要抬家具、抄近路和及时甩锅。|https://store.steampowered.com/app/1641700/|2026-09-22
1243830|欢乐合作|2–4 人|在线／同屏|3|补充|厨房合集关卡丰富，适合还没玩过系列的三人。|https://store.steampowered.com/app/1243830/|2026-09-22
506500|互坑乱斗|2–4 人|在线／同屏|3|补充|棋盘和小游戏轮换，适合专门约一晚派对局。|https://store.steampowered.com/app/506500/|2026-09-22
312530|互坑乱斗|2–4 人|在线／同屏|3|经典补充|鸭子拿起武器就开打，互坑节奏非常快。|https://store.steampowered.com/app/312530/|2026-09-22
251470|互坑乱斗|2–4 人|同屏|3|经典补充|弓箭对战一击制胜，三人本地局很紧张。|https://store.steampowered.com/app/251470/|2026-09-22
204360|欢乐合作|1–4 人|在线／同屏|3|经典补充|横版闯关与队友混战兼有，三人推进很顺畅。|https://store.steampowered.com/app/204360/|2026-09-22
437920|互坑乱斗|2–4 人|在线／同屏|3|经典补充|叠塔和魔法干扰互相添乱，三人比分胶着。|https://store.steampowered.com/app/437920/|2026-09-22
739630|恐怖整活|1–4 人|在线|3|热门游戏|三人分头找证据、开麦报鬼，惊吓与误判兼具。|https://store.steampowered.com/app/739630/|2026-09-22
1966720|恐怖整活|1–4 人|在线|3|热门游戏|收废料与怪物周旋，三人小队各有任务。|https://store.steampowered.com/app/1966720/|2026-09-22
1943950|恐怖整活|1–4 人|在线|3|补充|一起探索后室，迷路和逃跑都需要持续沟通。|https://store.steampowered.com/app/1943950/|2026-09-22
1274570|恐怖整活|1–4 人|在线|3|补充|合作驱魔，一人拖怪一人救人时特别混乱。|https://store.steampowered.com/app/1274570/|2026-09-22
1302240|恐怖整活|1–8 人|在线|2|补充|迷宫探索与追逐适合三人，但关卡节奏偏长。|https://store.steampowered.com/app/1302240/|2026-09-22
2695940|恐怖整活|1–5 人|在线|3|补充|不能出声的追逐局，语音配合反而更紧张。|https://store.steampowered.com/app/2695940/|2026-09-22
1435790|欢乐合作|2 人以上|在线|3|补充|一起解密和互相报线索，玩家关卡也多。|https://store.steampowered.com/app/1435790/|2026-09-22
1011670|欢乐合作|1–4 人|在线／同屏|3|补充|送货车辆和软体物理让简单任务变得离谱。|https://store.steampowered.com/app/1011670/|2026-09-22
850190|欢乐合作|1–4 人|在线／同屏|3|补充|开放世界里随意捣乱，三人可以各自制造灾难。|https://store.steampowered.com/app/850190/|2026-09-22
1485080|社交推理|3 人以上|在线|2|补充|扮 NPC 和找真人的对抗，三人可玩但更多人更乱。|https://store.steampowered.com/app/1485080/|2026-09-22
548430|欢乐合作|1–4 人|在线|2|补充|矿洞分工扎实，想玩更长线合作时可以选。|https://store.steampowered.com/app/548430/|2026-09-22
1063420|欢乐合作|1–4 人|在线|3|补充|驾驶飞船分工打怪，三人岗位刚好容易轮换。|https://store.steampowered.com/app/1063420/|2026-09-22
648800|欢乐合作|1 人以上|在线|2|补充|一起造木筏出海，节奏更慢但合作故事很多。|https://store.steampowered.com/app/648800/|2026-09-22
1132030|欢乐合作|1–4 人|在线／同屏|3|补充|边划船边捞垃圾，物理操作会不断制造混乱。|https://store.steampowered.com/app/1132030/|2026-09-22
1004490|欢乐合作|1–4 人|同屏／远程同乐|3|补充|装修任务分工细碎，三人忙起来很容易吵闹。|https://store.steampowered.com/app/1004490/|2026-09-22
2211170|欢乐合作|2–4 人|在线／同屏|3|补充|铺轨与升级比前作更丰富，三人配合很顺手。|https://store.steampowered.com/app/2211170/|2026-09-22
1509960|欢乐合作|2–8 人|在线／同屏|3|经典补充|人人同时行动的简单合作，三人也会互相卡位。|https://store.steampowered.com/app/1509960/|2026-09-22
323850|互坑乱斗|2–4 人|在线／同屏|3|经典补充|规则不断切换，站着不动也可能立刻输掉。|https://store.steampowered.com/app/323850/|2026-09-22
538550|竞速闯关|2 人以上|同屏|2|补充|一群人同时打高尔夫，三人可玩但最好同屏。|https://store.steampowered.com/app/538550/|2026-09-22
1211020|欢乐合作|1–4 人|在线／同屏|2|补充|开放世界做任务、乱开车，适合轻松闲逛。|https://store.steampowered.com/app/1211020/|2026-09-22
574120|互坑乱斗|2–8 人|同屏|3|补充|香肠动物参加荒诞比赛，三人本地玩刚合适。|https://store.steampowered.com/app/574120/|2026-09-22
307110|欢乐合作|2–4 人|在线|3|补充|潜艇里分工开船修理，越忙越容易乱套。|https://store.steampowered.com/app/307110/|2026-09-22
1412850|欢乐合作|1–4 人|在线／同屏|3|补充|经营太空航班，旅客需求会把三人分工打乱。|https://store.steampowered.com/app/1412850/|2026-09-22
1062830|欢乐合作|1–4 人|在线|3|补充|消防救援混进物理恶搞，合作时也能互坑。|https://store.steampowered.com/app/1062830/|2026-09-22
1304930|恐怖整活|1–4 人|在线|2|补充|多人逃生压迫感强，偏硬核恐怖而非轻松派对。|https://store.steampowered.com/app/1304930/|2026-09-22
1562420|恐怖整活|1–4 人|在线|2|补充|一起探墓找线索，人少时更紧张。|https://store.steampowered.com/app/1562420/|2026-09-22
